Model,Correlation,Std_Model,Std_Ref,TSS
ACCESS-CM2,0.9686331775897623,7.837522730493482,7.65229585573648,0.8199471757105331
ACCESS-ESM1-5,0.9262685601927254,8.334088054829788,7.65229585573648,0.7097075028902895
AWI-ESM-1-1-LR,0.9699476892310431,7.130051140749695,7.65229585573648,0.8258444671212012
BCC-ESM1,0.9264834004030462,8.248416882683813,7.65229585573648,0.7131587725361037
CESM2-WACCM,0.9820479261645082,7.354653422059252,7.65229585573648,0.8657977052549994
CMCC-CM2-HR4,0.9862282711246022,8.13171969678463,7.65229585573648,0.8711702134694979
EC-Earth3-CC,0.9922030585791136,7.988006764081961,7.65229585573648,0.9045991962741141
FGOALS-f3-L,0.989597099214365,8.554860333474789,7.65229585573648,0.8636708957030083
GFDL-ESM4,0.9872854618337689,8.04392894515163,7.65229585573648,0.8788601257238108
GISS-E2-1-G,0.9618347177185511,7.451930418686681,7.65229585573648,0.8063281976529462
IITM-ESM,0.9633988093824111,8.252298145451041,7.65229585573648,0.7937357515733211
INM-CM4-8,0.9525763034502808,7.324807022848365,7.65229585573648,0.7848026484202841
IPSL-CM6A-LR,0.9863218923315743,9.13533393001004,7.65229585573648,0.8126266500577243
KACE-1-0-G,0.9470850911513455,7.311284825264177,7.65229585573648,0.7729542109660266
KIOST-ESM,0.98204512226969,7.761657459830382,7.65229585573648,0.8646722557266915
MIROC6,0.9608114040481611,7.39167166439787,7.65229585573648,0.8039543856866439
MPI-ESM-1-2-HAM,0.9776314718795658,7.774234236714535,7.65229585573648,0.8488314584449324
NESM3,0.9778157176535791,7.00686463589786,7.65229585573648,0.8455002428307166
SAM0-UNICON,0.9860537677263117,8.149437595194495,7.65229585573648,0.8697595243961662
TaiESM1,0.9824027756944378,8.167110562806096,7.65229585573648,0.8549341097534272
